0.253393, -0.00455816, 0
0.83422, -0.0170388, 0
0.915511, 0.0706192, 0
-1.05354, -0.00893493, 0
-2.50606, 0.2123, 0
-0.157464, -0.0904913, 0
-0.418497, -0.0761906, 0
-0.136168, -0.0201592, 0
-0.575993, 0.0578409, 0
-1.1775, -0.0551915, 0
-0.224303, -0.0583399, 0
0.879351, -0.0101605, 0
-1.02454, 0.293514, 0
-1.09982, -0.0803789, 0
0.242494, 0.0304474, 0
0.537456, -0.102094, 0
1.67739, 0.0600952, 0
0.369955, 0.225182, 0
-0.121237, -0.0645134, 0
-0.0847689, -0.0242522, 0
-0.278211, -0.172555, 0
-1.12848, 0.0348156, 0
-1.78313, -0.0476398, 0
0.655194, -0.0558817, 0
0.102952, -0.0935296, 0
-1.86185, 0.103667, 0
1.40307, 0.0332311, 0
0.367027, 0.0304474, 0
0.348978, 0.0477442, 0
2.17934, 0.0414917, 0
0.927468, -0.0504754, 0
-0.49395, -0.0682821, 0
-0.255293, 0.00225204, 0
-1.43054, -0.164422, 0
0.140132, 0.122472, 0
-0.875483, -0.0673006, 0
-0.960479, -0.124474, 0
-0.197906, -0.0326616, 0
-0.676833, -0.117611, 0
-0.820069, -0.110358, 0
-0.353938, -0.128607, 0
-0.714948, 0.124348, 0
-1.60032, 0.0318294, 0
0.712087, 0.0460459, 0
-0.732889, -0.0978885, 0
0.0110781, -0.0154536, 0
0.623428, -0.0964768, 0
-0.299723, -0.0170185, 0
-1.09003, -0.0599307, 0
0.0962752, 0.0357661, 0
-0.54971, -0.0733061, 0
-2.07216, 0.171066, 0
0.776518, -0.155619, 0
1.31809, 0.000322443, 0
-0.879192, 0.0255043, 0
-0.944506, 0.0640793, 0
1.14447, 0.0897981, 0
-0.254995, -0.0312697, 0
1.12886, -0.0401826, 0
1.18115, 0.040071, 0
1.08215, -0.250612, 0
0.339078, -0.136568, 0
-0.997227, 0.0330465, 0
1.21921, 0.0679839, 0
0.583223, 0.043173, 0
0.340609, -0.0232696, 0
0.0890815, 0.0817915, 0
0.874991, -0.031882, 0
1.74955, -0.170421, 0
-1.54689, 0.0504144, 0
0.426429, 0.114779, 0
0.505981, -0.185967, 0
-0.0093805, 0.146773, 0
-0.201329, 0.0417604, 0
-0.82331, 0.101594, 0
1.00688, -0.311822, 0
-0.722829, -0.126479, 0
0.5747, -0.123048, 0
-0.993967, 4.77198e-06, 0
-0.00613301, -0.0211489, 0
1.08883, 0.00352096, 0
1.07069, 0.0379328, 0
0.331842, -0.100362, 0
-0.675418, 0.0520742, 0
-0.0937344, -0.0581621, 0
-0.356825, 0.0314091, 0
-1.59416, -0.109356, 0
-0.495751, 0.0911588, 0
-0.352381, -0.0896015, 0
-1.75406, -0.137437, 0
-1.53517, -0.0431254, 0
-3.12948, 0.0956477, 0
-2.08666, 0.0830681, 0
-1.07235, -0.0968007, 0
-1.0827, -0.00533056, 0
-0.306367, 0.0380407, 0
0.825309, 0.0749938, 0
-0.827341, 0.179749, 0
-1.8258, -0.151838, 0
-2.16512, -0.172181, 0
2.66683, 0.122222, 0
0.151253, 0.0638212, 0
1.86715, 0.000160533, 0
0.0897607, 0.134399, 0
0.568813, -0.108111, 0
-0.272864, 0.0119195, 0
0.329131, -0.0987918, 0
-0.264881, 0.00984813, 0
-0.57571, 0.0741154, 0
-1.11533, 0.130916, 0
1.21768, -0.0797715, 0
1.22179, 0.0708551, 0
-0.102856, 0.132825, 0
-1.39574, 0.00434462, 0
0.952595, 0.0137998, 0
-0.301796, 0.0270658, 0
1.05373, -0.0243458, 0
-1.00729, -0.0666343, 0
0.275425, -0.0743785, 0
0.389594, -0.165659, 0
0.0577835, -0.0521531, 0
-0.84928, -0.0529002, 0
0.562663, 0.153429, 0
0.325923, -0.0636706, 0
0.160118, 0.0370412, 0
0.212422, 0.107921, 0
-1.54003, 0.101316, 0
1.47052, -0.05743, 0
1.20684, -0.177299, 0
-0.685078, 0.0941776, 0
0.117483, -0.169263, 0
-2.4859, -0.178404, 0
-1.15635, 0.174864, 0
1.20139, 0.1378, 0
-0.186969, 0.0106851, 0
0.621751, -0.202081, 0
-1.38056, 0.0733333, 0
0.184596, -0.162484, 0
-1.04, 0.0463194, 0
0.217772, 0.0924579, 0
-1.879, -0.152589, 0
1.55626, 0.13825, 0
1.2442, 0.0875042, 0
-0.9399, 0.122179, 0
-0.580477, -0.0254866, 0
-0.469324, 0.0168792, 0
-0.0277151, -0.135809, 0
-0.59108, -0.232661, 0
-0.27386, 0.0422657, 0
-1.85156, 0.0765116, 0
0.438771, -0.0931332, 0
-0.953326, -0.0320126, 0
1.11771, 0.0431919, 0
1.03534, -0.12861, 0
0.102172, 0.0620459, 0
1.39031, -0.00690002, 0
-0.358635, -0.0876824, 0
0.767109, -0.0682202, 0
-1.28805, -0.130789, 0
0.8594, 0.0991523, 0
-0.525072, -0.13193, 0
-0.204826, -0.0415838, 0
0.73635, -0.0556326, 0
0.914653, -0.263309, 0
0.237551, 0.0037076, 0
1.04343, -0.0362584, 0
0.341256, 0.0492251, 0
1.07892, -0.137839, 0
0.0941037, 0.0190803, 0
-1.17668, 0.0532943, 0
-0.746271, 0.00118665, 0
-0.351828, 0.0688129, 0
-0.357883, -0.0964897, 0
-0.654513, -0.142691, 0
0.359708, 0.107496, 0
-0.713128, 0.182556, 0
1.30875, -0.00892225, 0
0.520836, 0.0839293, 0
0.974391, 0.0166899, 0
0.774532, -0.187296, 0
-0.787541, -0.0013662, 0
0.900451, -0.160824, 0
-0.299352, -0.0530108, 0
-1.99578, -0.0782936, 0
0.300498, -0.000396791, 0
0.135372, -0.119167, 0
-0.459734, -0.0760756, 0
0.730423, 0.0567894, 0
-0.336895, -0.123597, 0
0.27565, 0.0475124, 0
1.30017, 0.0965536, 0
0.773866, -0.0526884, 0
0.195621, -0.103851, 0
1.46322, -0.128414, 0
-0.278447, 0.0305865, 0
0.645301, 0.204664, 0
-0.242643, -0.0718841, 0
-1.30302, -0.0921394, 0
0.180161, 0.106317, 0
-0.268031, -0.135043, 0
0.0206855, -0.320913, 0
0.408971, -0.0829172, 0
-0.725392, 0.0911762, 0
0.988901, -0.158084, 0
-0.422991, 0.00688121, 0
-0.283412, 0.112527, 0
0.0200999, 0.10516, 0
-1.66162, -0.0273628, 0
1.8675, -0.0797977, 0
-0.758317, 0.103431, 0
-0.453906, 0.0673762, 0
-0.12443, -0.0650107, 0
-1.24093, -0.0127123, 0
-0.918873, 0.0671979, 0
-1.3265, 0.0124903, 0
1.1757, -0.0210545, 0
-0.069587, 0.119859, 0
0.850813, -0.0237574, 0
-1.75606, 0.0336788, 0
0.968171, 0.154858, 0
0.292139, 0.064167, 0
1.06734, -0.248946, 0
-0.117305, -0.0846088, 0
2.79565, -0.12848, 0
-0.552581, 0.047418, 0
0.0981731, -0.0560555, 0
0.990402, -0.0713737, 0
1.6486, -0.136905, 0
-1.86339, -0.0310404, 0
0.738282, -0.0292273, 0
0.546452, 0.192226, 0
-0.0296005, 0.161716, 0
0.909412, -0.0637077, 0
0.724999, 0.123055, 0
0.369682, 0.123806, 0
-0.232445, 0.0681278, 0
-0.133887, -0.00783047, 0
0.464595, 0.0561168, 0
-1.56575, -0.0059767, 0
1.09111, -0.0257051, 0
-0.449422, 0.0507276, 0
0.187693, -0.0998503, 0
-0.506888, -0.0143663, 0
-0.359103, 0.165263, 0
0.984147, 0.262128, 0
0.00185955, 0.0443587, 0
-0.202741, -0.0586593, 0
1.49313, -0.0152605, 0
0.72016, -0.00490566, 0
0.0691956, 0.0748195, 0
-0.167286, -0.0440802, 0
-0.361046, 0.156682, 0
-1.32383, -0.0432046, 0
-0.838184, 0.0334978, 0
1.02077, 0.138825, 0
-0.0688815, 0.00703031, 0
-0.945595, -0.0412386, 0
0.755842, -0.0444767, 0
1.11491, 0.0581969, 0
0.198919, 0.0507321, 0
0.699227, 0.138317, 0
0.810437, -0.0688753, 0
-2.17603, -0.0276394, 0
-0.869672, 0.0682986, 0
1.59185, -0.00829585, 0
-0.23192, 0.126741, 0
-0.049774, 0.076993, 0
0.587074, -0.0212265, 0
-0.572329, -0.169171, 0
-1.39988, 0.0341072, 0
0.699529, 0.0860492, 0
0.694106, -0.0523796, 0
-0.75516, -0.0237618, 0
-0.277008, -0.0582489, 0
0.712068, -0.118136, 0
-0.528612, -0.0633473, 0
-0.838062, -0.0817071, 0
0.591955, -0.114341, 0
-0.258245, 0.0254778, 0
-0.676164, 0.0357927, 0
0.155266, -0.0399413, 0
-0.64096, -0.0125477, 0
0.828332, 0.0230323, 0
-1.29338, -0.0250834, 0
1.53288, 0.00465289, 0
-1.0588, 0.0223981, 0
0.765537, -0.0260314, 0
1.26496, -0.0325155, 0
-0.0262231, -0.0311237, 0
0.0140755, 0.180096, 0
-0.99463, -0.0443944, 0
-1.0945, 0.0642885, 0
-2.32988, -0.159325, 0
0.691015, -0.161351, 0
-1.79349, 0.0480905, 0
-1.79347, 0.0121053, 0
-0.611991, -0.0975015, 0
0.42266, -0.0125173, 0
-0.0590084, -0.130244, 0
0.85369, -0.0310634, 0
-0.134584, -0.0836553, 0
1.36748, -0.166478, 0
0.138626, -0.0815791, 0
-0.856811, 0.0366416, 0
-0.229612, 0.00508039, 0
-0.357802, -0.0919612, 0
-1.72534, -0.00249044, 0
0.536381, 0.0118484, 0
-0.397013, 0.120251, 0
0.306403, 0.122557, 0
-0.77352, -0.155714, 0
-3.01335, -0.123307, 0
-0.0778479, 0.208337, 0
-0.80387, 0.0139228, 0
0.634893, -0.102391, 0
-1.42741, 0.0425692, 0
-1.9772, 0.106443, 0
-1.60405, -0.11274, 0
-2.28709, 0.0138101, 0
-0.459056, -0.0149183, 0
0.847456, -0.138576, 0
-0.519938, 0.127489, 0
0.966368, -0.0910562, 0
0.338336, -0.0943031, 0
0.558323, -0.017247, 0
-1.53465, 0.0670213, 0
-2.2683, -0.0897967, 0
-1.01049, 0.176127, 0
-0.988123, 0.042354, 0
1.26109, -0.00452123, 0
1.51279, 0.116683, 0
-1.40209, 0.115918, 0
0.567598, 0.00196185, 0
1.30455, -0.075966, 0
0.213999, -0.0824407, 0
-0.344547, -0.013963, 0
-0.409211, 0.131968, 0
0.987903, -0.0973073, 0
0.486531, 0.0764712, 0
0.215283, 0.0949274, 0
-1.09524, 0.0485825, 0
0.203506, -0.096427, 0
-1.12884, 0.0207871, 0
-1.70888, -0.0153499, 0
-0.708086, -0.0294642, 0
0.0140835, -0.0349754, 0
1.02813, 0.081929, 0
0.0508634, 0.023718, 0
-0.00752674, 0.103911, 0
-0.634701, -0.12478, 0
1.30529, 0.0449888, 0
0.201518, -0.0582813, 0
-1.45402, 0.153769, 0
0.424004, -0.111945, 0
-0.603592, 0.139028, 0
0.868067, -0.0454448, 0
-0.625304, 0.117827, 0
-0.460233, 0.0112467, 0
1.32969, -0.108464, 0
-0.439339, -0.0328808, 0
-0.785188, -0.0763487, 0
-0.147583, 0.0276326, 0
0.620501, -0.119919, 0
-1.75183, -0.0451318, 0
-2.00476, -0.000851254, 0
0.425036, 0.0631683, 0
0.902, -0.0454373, 0
-0.73582, -0.0446116, 0
-1.32409, -0.0137508, 0
-1.1655, -0.156684, 0
1.17721, -0.081374, 0
0.331858, 0.0601991, 0
-0.262941, -0.0171583, 0
-0.262621, 0.114578, 0
-0.45878, -0.0794879, 0
0.000281957, 0.00492265, 0
-0.589094, -0.0729572, 0
0.1849, -0.0815576, 0
-0.59227, 0.16349, 0
0.38639, -0.112301, 0
-1.96601, 0.0181512, 0
-0.306279, 0.113441, 0
0.384221, -0.0952002, 0
0.881756, -0.0922673, 0
-1.00457, -0.0650769, 0
1.8618, -0.0334596, 0
-0.631212, 0.0916184, 0
1.35506, 0.124252, 0
1.40532, 0.0657252, 0
-0.122576, -0.0539021, 0
-0.963082, 0.0249623, 0
-0.447111, 0.0859273, 0
0.0220329, -0.035294, 0
-1.54171, -0.0429167, 0
-2.78248, -0.113485, 0
-2.53579, -0.0568664, 0
-0.738674, 0.0764642, 0
1.18048, -0.016686, 0
-0.199546, 0.0193324, 0
0.148807, -0.167221, 0
0.17771, 0.0978593, 0
0.215096, 0.113637, 0
0.686159, -0.026765, 0
-1.13569, 0.112318, 0
0.967341, -0.0879007, 0
0.481453, 0.306953, 0
-2.32793, -0.00501965, 0
-0.565795, -0.0109406, 0
0.0737335, -0.0968202, 0
1.16113, -0.000288949, 0
1.14108, -0.0961267, 0
0.305677, -0.0220936, 0
0.288798, -0.102813, 0
1.1221, 0.0434623, 0
0.516391, 0.0910805, 0
0.369052, -0.041685, 0
-0.113167, 0.0228592, 0
-0.728676, 0.0655107, 0
0.581779, 0.0398188, 0
-1.41234, -0.0271456, 0
-0.164629, 0.0884568, 0
0.0623831, 0.0882274, 0
0.347602, -0.0541812, 0
-0.423101, 0.027566, 0
1.24389, 0.196143, 0
-1.23479, 0.155197, 0
-0.174855, 0.209935, 0
0.817342, 0.0547912, 0
0.567539, -0.0536422, 0
-1.43932, -0.049941, 0
-0.768826, 0.0691513, 0
0.881405, -0.0186069, 0
-1.40302, -0.117873, 0
-0.449823, -0.0070121, 0
0.640689, -0.0718497, 0
-1.38798, 0.0733836, 0
-0.951926, -0.00773655, 0
-0.19147, 0.194404, 0
0.455673, 0.0890925, 0
0.548244, -0.12319, 0
0.120971, 0.056637, 0
-0.751335, -0.127966, 0
0.998591, -0.12753, 0
0.620489, -0.0644643, 0
-0.126826, -0.0447342, 0
-0.772287, 0.0342627, 0
-0.307475, -0.0362906, 0
1.05263, -0.00481072, 0
-1.11586, 0.108007, 0
0.212303, 0.0663939, 0
-0.126013, 0.00556105, 0
-0.967442, -0.145505, 0
0.847412, 0.125246, 0
-0.346808, -0.0104266, 0
0.460423, -0.0401593, 0
-1.44474, 0.101415, 0
0.246355, 0.0531447, 0
0.549585, -0.0776353, 0
0.0323727, 0.049237, 0
0.151058, -0.0396377, 0
-1.18356, 0.179834, 0
0.939979, -0.0454258, 0
-1.46681, 0.100495, 0
0.995585, 0.0106852, 0
0.331556, -0.0976029, 0
-0.464794, 0.075982, 0
-0.319692, -0.0512594, 0
0.271096, 0.22319, 0
0.864347, 0.00894678, 0
-1.09879, 0.177687, 0
0.329608, -0.0363142, 0
0.23368, 0.314206, 0
0.190379, 0.0624598, 0
-1.21975, -0.0762002, 0
-0.92923, 0.0392282, 0
-0.548827, -0.218254, 0
-1.69403, 0.0498714, 0
0.355805, -0.0296963, 0
-0.723436, -0.00333439, 0
-0.637213, 0.0652832, 0
-1.33217, 0.0186277, 0
-0.959765, -0.127227, 0
0.550095, -0.0562966, 0
0.692108, 0.118421, 0
-0.428851, 0.0699166, 0
-0.678973, 0.0385305, 0
0.344638, -0.101012, 0
-0.0966308, -0.0626256, 0
0.0634229, 0.164655, 0
-1.28008, 0.034525, 0
0.566191, -0.0382371, 0
0.510395, 0.109033, 0
0.77937, 0.0208194, 0
-1.14343, 0.0357556, 0
0.0098053, -0.0937676, 0
-0.207299, 0.0320399, 0
-1.12723, 0.0786312, 0
1.29173, -0.0651792, 0
1.46509, 0.130104, 0
0.964691, -0.195421, 0
-0.225065, 0.952591, 1
-0.525512, 0.994807, 1
1.31474, 1.03657, 1
-1.19313, 1.27061, 1
1.17326, 1.04394, 1
1.89282, 1.08011, 1
-0.0584518, 0.918237, 1
-0.206354, 1.12443, 1
2.7839, 1.00077, 1
-0.471401, 0.942948, 1
0.810235, 1.31397, 1
-0.518959, 0.890253, 1
0.819598, 1.0417, 1
-0.428873, 1.12442, 1
-1.14183, 0.990503, 1
-0.93828, 0.99698, 1
-0.201319, 1.12736, 1
-0.818975, 0.973572, 1
1.27065, 0.846908, 1
-0.155381, 0.744029, 1
-0.384263, 0.889444, 1
-0.386252, 1.02348, 1
-2.17007, 0.902337, 1
-0.684899, 1.05715, 1
0.57951, 1.31339, 1
-0.645793, 1.23397, 1
-0.905925, 1.05187, 1
-1.24901, 1.03932, 1
-0.326698, 1.04779, 1
-0.327617, 0.98353, 1
-0.58669, 1.06067, 1
1.42038, 1.07271, 1
0.882753, 0.914946, 1
-1.07902, 0.841175, 1
0.245255, 1.15651, 1
0.644159, 1.06103, 1
-0.702138, 1.10755, 1
-0.150024, 1.06389, 1
-0.6071, 1.11036, 1
-0.952138, 1.02638, 1
-0.682304, 0.933249, 1
0.562172, 0.790533, 1
-0.185441, 0.821707, 1
-0.656368, 1.08779, 1
0.661945, 1.03102, 1
-0.209827, 1.18868, 1
1.16975, 0.964249, 1
0.182033, 0.849631, 1
-0.0929888, 1.12689, 1
2.53173, 1.00378, 1
1.10284, 1.19939, 1
-0.838247, 1.2186, 1
2.00603, 0.935767, 1
0.448058, 0.963035, 1
-0.340341, 1.04682, 1
-0.960609, 1.00861, 1
0.172788, 0.988685, 1
0.0562029, 1.0815, 1
1.14715, 0.917909, 1
0.169496, 0.970796, 1
-1.18551, 1.07968, 1
0.437965, 0.956517, 1
0.928713, 0.877822, 1
-0.370856, 0.980794, 1
3, 1.01981, 1
0.840556, 0.873698, 1
0.679313, 1.02241, 1
-2.06855, 0.97721, 1
-0.243372, 0.970767, 1
-2.2947, 1.14037, 1
0.636475, 1.07279, 1
1.28511, 1.11928, 1
-0.39154, 1.02821, 1
1.36352, 0.850488, 1
0.195416, 0.910011, 1
0.601425, 0.910279, 1
0.306591, 1.04504, 1
1.85537, 1.05563, 1
-0.23102, 0.980282, 1
-0.36312, 0.848385, 1
-2.28454, 0.890744, 1
0.959982, 0.9618, 1
-0.442694, 1.06529, 1
1.03791, 0.933194, 1
0.843385, 0.964811, 1
-2.00473, 0.964415, 1
1.02767, 0.805296, 1
1.16609, 0.761276, 1
1.10594, 0.892854, 1
-0.143281, 1.06282, 1
-1.3508, 1.0113, 1
-1.54628, 0.966339, 1
1.80291, 1.00527, 1
0.0863198, 0.833785, 1
-0.428175, 1.07292, 1
0.00484389, 0.898121, 1
0.24753, 0.857675, 1
-0.0983201, 1.0578, 1
-0.94448, 0.947899, 1
0.16033, 0.928858, 1
-0.310212, 0.998177, 1
-0.0360567, 1.05212, 1
-1.49791, 0.995386, 1
-0.965493, 1.13015, 1
0.268153, 0.959895, 1
-0.769875, 1.06411, 1
0.597909, 1.14813, 1
0.407347, 1.17268, 1
-2.18495, 0.956116, 1
1.70381, 1.08984, 1
0.0823503, 1.01707, 1
-0.489914, 1.05616, 1
0.505071, 0.983115, 1
0.164695, 0.965002, 1
-0.863467, 0.737702, 1
0.464145, 1.04084, 1
-0.48489, 1.06497, 1
-0.541103, 0.998512, 1
1.19413, 1.04853, 1
1.03702, 1.04445, 1
-1.90131, 1.14714, 1
-0.649432, 0.979814, 1
-1.4849, 1.10715, 1
1.09761, 1.02714, 1
1.57242, 0.811878, 1
-0.0375146, 1.11209, 1
-0.773557, 0.98219, 1
0.189688, 0.866304, 1
0.434248, 0.868667, 1
1.22573, 1.02805, 1
-0.382632, 1.02384, 1
-0.237543, 0.914989, 1
-0.40782, 1.15482, 1
-0.0716617, 1.13205, 1
-0.952155, 0.976694, 1
1.31, 0.957192, 1
-0.430796, 1.0686, 1
1.61032, 1.20354, 1
-1.94552, 1.11499, 1
0.560726, 1.02994, 1
-1.17763, 0.926072, 1
-0.851006, 0.939135, 1
0.082557, 1.08566, 1
-1.43922, 0.932747, 1
1.13043, 1.03877, 1
0.698677, 0.961357, 1
0.815791, 0.943406, 1
1.52631, 1.05623, 1
0.0267234, 1.06971, 1
0.268485, 1.00002, 1
-0.34227, 1.23294, 1
2.31716, 0.808588, 1
-0.095591, 1.10632, 1
0.754661, 0.911943, 1
-1.10283, 1.08566, 1
2.30458, 0.917452, 1
0.237516, 1.00449, 1
1.47763, 1.02854, 1
0.220982, 0.952279, 1
-0.33646, 0.933159, 1
-0.511867, 0.940731, 1
0.0463534, 0.985809, 1
1.79215, 1.14234, 1
-0.453992, 1.02021, 1
1.80626, 0.949023, 1
-1.40107, 0.964577, 1
0.583139, 1.05779, 1
-1.15134, 1.08036, 1
0.412703, 1.02723, 1
-1.09276, 0.940511, 1
2.05023, 1.05517, 1
0.734214, 0.854285, 1
-1.31912, 1.22092, 1
-1.01558, 1.00591, 1
-1.58143, 1.16748, 1
0.703077, 0.982845, 1
0.707452, 1.00866, 1
-1.05038, 1.03226, 1
-0.327033, 0.941949, 1
-0.174112, 0.893715, 1
0.733221, 0.958469, 1
-0.830409, 0.806626, 1
2.41161, 1.1183, 1
0.948567, 1.06135, 1
-1.30291, 0.802583, 1
-2.21429, 1.12426, 1
0.461304, 0.939394, 1
0.155715, 0.919014, 1
0.553046, 1.1504, 1
1.82353, 1.09421, 1
-1.7749, 0.936412, 1
-0.421206, 0.995861, 1
-2.12898, 1.01501, 1
-0.994713, 0.946629, 1
0.808128, 1.0257, 1
-0.965132, 0.787146, 1
-0.73767, 0.987242, 1
-0.163227, 0.795051, 1
-0.558453, 1.0408, 1
0.322577, 1.07975, 1
1.22073, 0.91903, 1
-1.72872, 0.943839, 1
1.19047, 1.16518, 1
-0.439273, 1.06688, 1
0.563583, 1.02678, 1
-1.13509, 1.08532, 1
1.78918, 1.00707, 1
0.20267, 0.967043, 1
1.95683, 0.994624, 1
0.70396, 1.08403, 1
0.837075, 1.03973, 1
-0.291008, 1.04201, 1
1.66171, 1.0378, 1
-1.21834, 0.914911, 1
0.395834, 0.97553, 1
-0.599598, 1.04926, 1
0.652113, 0.836563, 1
1.26047, 1.05068, 1
1.85236, 0.787976, 1
1.21951, 1.0473, 1
0.527306, 1.10527, 1
0.937461, 0.932491, 1
0.507143, 1.19355, 1
-1.64337, 1.06727, 1
1.02878, 0.968442, 1
0.889301, 1.08671, 1
-0.875443, 0.977285, 1
-0.546873, 0.839869, 1
0.0523095, 1.09339, 1
0.565427, 0.887904, 1
-1.08839, 1.02561, 1
-1.5882, 1.15392, 1
0.930282, 0.983624, 1
-0.147351, 1.08001, 1
0.60933, 0.88462, 1
-1.02411, 1.05439, 1
-1.27772, 0.982593, 1
-0.483289, 0.768504, 1
1.55483, 1.02722, 1
0.545234, 0.908423, 1
0.474655, 0.879724, 1
-0.641432, 0.968444, 1
-0.796135, 1.17283, 1
0.282348, 0.903134, 1
0.639293, 1.07402, 1
1.74192, 0.947771, 1
-1.47098, 1.08528, 1
0.899178, 0.933621, 1
-0.594107, 0.95105, 1
-0.942273, 1.14574, 1
0.00473975, 1.03656, 1
1.02938, 1.06551, 1
-0.297471, 0.891859, 1
-0.746554, 0.955226, 1
1.04721, 1.01801, 1
-0.813541, 1.02757, 1
0.588605, 1.07987, 1
0.0964003, 0.934021, 1
0.0818951, 0.964307, 1
-0.660181, 1.17373, 1
1.62261, 1.04569, 1
-1.17175, 1.00384, 1
0.401122, 1.19025, 1
0.36875, 0.955579, 1
-0.0800132, 1.15182, 1
0.525828, 0.924383, 1
0.610587, 0.91387, 1
-0.249707, 1.08071, 1
-0.438972, 0.953989, 1
1.13425, 1.08815, 1
-0.0295738, 0.964179, 1
0.154947, 1.05611, 1
1.02719, 1.04398, 1
-0.847016, 0.926344, 1
0.0603502, 0.977303, 1
-0.325171, 0.860964, 1
0.581122, 1.04687, 1
-1.05464, 1.22907, 1
0.595779, 0.971762, 1
-1.54189, 0.969891, 1
0.269456, 0.989061, 1
-1.61436, 1.06551, 1
0.583418, 0.80545, 1
-0.955755, 1.1068, 1
0.706887, 0.963498, 1
0.143828, 1.08714, 1
-1.09074, 1.074, 1
1.14036, 1.01413, 1
2.00817, 0.890302, 1
-0.842738, 0.888962, 1
0.635763, 0.95178, 1
-0.922439, 0.947899, 1
2.13068, 1.03734, 1
-0.660021, 1.13964, 1
-0.994381, 1.11126, 1
0.662001, 0.965423, 1
-1.08794, 1.01273, 1
0.127849, 0.908673, 1
0.331306, 1.01121, 1
-0.740964, 0.892639, 1
-0.448739, 1.04351, 1
0.522822, 0.884111, 1
0.0387483, 1.02578, 1
0.0378355, 0.822281, 1
-1.74852, 1.15752, 1
0.026432, 1.04763, 1
0.0118357, 0.892745, 1
1.06674, 1.10235, 1
-0.415042, 0.931725, 1
-0.025456, 1.00812, 1
-0.599195, 1.21484, 1
-0.864038, 1.08239, 1
-0.295525, 1.07476, 1
-1.64925, 0.944245, 1
0.212015, 0.961698, 1
2.19212, 1.07291, 1
-0.756138, 1.11615, 1
-0.346507, 1.05727, 1
-0.411164, 0.969974, 1
0.807283, 1.07984, 1
-0.162405, 1.18019, 1
-0.320732, 1.07257, 1
-0.104639, 0.894693, 1
-0.481649, 0.949199, 1
0.884706, 0.909968, 1
0.962554, 1.01271, 1
-0.327928, 1.06251, 1
-0.868475, 1.03324, 1
-1.30938, 1.04743, 1
-0.430104, 1.00119, 1
-0.470567, 1.07228, 1
1.44223, 1.26386, 1
-1.46199, 1.06384, 1
0.128853, 0.933671, 1
0.097941, 1.05293, 1
0.163321, 0.867575, 1
-1.69258, 1.04083, 1
-0.155458, 1.19292, 1
-0.10142, 1.04053, 1
1.14637, 0.930936, 1
-0.847625, 1.01272, 1
1.20242, 1.05403, 1
-0.58379, 1.04356, 1
0.0695596, 1.006, 1
0.788608, 0.922877, 1
-0.493526, 1.14754, 1
0.370722, 1.14764, 1
1.17147, 1.04819, 1
-0.546828, 1.024, 1
0.29012, 0.890958, 1
-0.0136732, 1.06185, 1
-0.628859, 1.03492, 1
-1.22907, 0.980334, 1
0.47893, 0.913365, 1
-0.664373, 0.938229, 1
-0.995932, 0.896801, 1
0.659887, 1.04717, 1
1.25296, 0.912369, 1
0.817209, 1.06965, 1
-0.248002, 1.00422, 1
-0.752433, 1.20477, 1
-1.4079, 1.04009, 1
0.57472, 0.900501, 1
-0.602213, 1.04986, 1
-1.068, 1.05825, 1
-0.580554, 0.944341, 1
-0.0121175, 1.13525, 1
-0.201624, 1.04805, 1
0.829311, 1.10857, 1
-0.18549, 1.0057, 1
0.104816, 1.08352, 1
1.42531, 1.05762, 1
-0.811483, 0.804322, 1
-0.404832, 1.09702, 1
-0.144699, 1.08705, 1
0.668914, 1.1127, 1
1.51454, 0.925557, 1
-0.342683, 1.02389, 1
-0.372533, 0.946919, 1
-1.51585, 1.03854, 1
0.979759, 0.763815, 1
-1.24907, 1.01015, 1
0.661249, 0.950899, 1
-0.260214, 1.06708, 1
0.0643493, 0.977164, 1
0.0885806, 1.13516, 1
4.11187, 1.01804, 1
-0.745451, 0.890229, 1
0.396765, 0.915922, 1
0.0811907, 0.909115, 1
0.872057, 1.02895, 1
1.52586, 1.02334, 1
-0.0270912, 1.05466, 1
0.436307, 0.922862, 1
0.0455139, 0.888064, 1
0.726057, 1.00885, 1
1.38665, 1.01854, 1
-0.86399, 1.08028, 1
0.219234, 1.03363, 1
1.39332, 1.02581, 1
-0.481671, 0.753056, 1
-0.246028, 0.952999, 1
1.07463, 0.938035, 1
0.0824648, 1.05713, 1
-1.85445, 1.03703, 1
0.582313, 0.909837, 1
-1.0246, 1.03643, 1
0.491487, 0.980475, 1
-1.67327, 0.968878, 1
1.01174, 1.06912, 1
1.1363, 1.04385, 1
1.19324, 1.00072, 1
0.48978, 1.07051, 1
-0.388014, 1.00923, 1
1.36391, 1.00373, 1
0.475369, 1.0419, 1
-0.729257, 1.0155, 1
-0.38098, 0.971334, 1
-0.145488, 0.849341, 1
-0.421914, 0.889686, 1
-0.450638, 0.992018, 1
-0.710486, 0.986675, 1
0.780835, 0.972715, 1
0.241853, 1.03867, 1
-1.33978, 0.963312, 1
1.54798, 0.935159, 1
0.456219, 0.897134, 1
0.796422, 1.16052, 1
-1.21631, 1.01596, 1
-0.414238, 0.999853, 1
1.32583, 0.883017, 1
-0.141331, 0.978879, 1
0.48962, 1.07361, 1
-1.27876, 0.701623, 1
-0.232624, 0.934124, 1
0.498465, 0.96941, 1
-0.0801813, 1.08802, 1
0.893336, 1.17852, 1
-0.911264, 1.0523, 1
-0.502718, 0.825122, 1
0.19044, 0.874579, 1
0.705179, 1.13396, 1
-0.730076, 0.926078, 1
-0.660691, 1.06783, 1
-0.870188, 0.998367, 1
0.00569778, 0.879347, 1
0.801124, 0.909207, 1
-1.30837, 0.95193, 1
-1.09476, 1.01524, 1
-0.504489, 0.957962, 1
0.157636, 0.727758, 1
0.418801, 1.07859, 1
-1.13583, 0.979322, 1
0.539733, 0.894501, 1
0.0794719, 0.888648, 1
0.73615, 1.04685, 1
1.06396, 1.03989, 1
0.635945, 0.959941, 1
0.242583, 0.880743, 1
-1.77716, 1.0672, 1
-0.301302, 0.87917, 1
0.134548, 0.835839, 1
-0.0523225, 1.02427, 1
0.0342966, 0.779578, 1
0.580396, 1.12087, 1
1.36011, 1.10632, 1
-0.223135, 0.959355, 1
-0.210795, 1.08053, 1
0.346453, 1.02521, 1
0.697386, 1.07078, 1
0.292267, 0.86639, 1
1.53767, 0.933195, 1
-1.23541, 1.00092, 1
-1.29207, 0.970125, 1
0.110572, 0.85296, 1
-0.506952, 1.04924, 1
1.11085, 1.16563, 1
-0.980684, 1.01326, 1
-2.38914, 1.05244, 1
-0.159829, 1.02212, 1
0.256945, 0.939834, 1
1.05556, 1.0859, 1
0.925462, 1.13952, 1
-0.207237, 1.0528, 1
0.107325, 1.00507, 1
1.49155, 0.987733, 1
-0.719025, 0.923848, 1
0.579421, 1.03337, 1
1.5123, 0.958644, 1
-0.365782, 0.914832, 1
0.860474, 0.977807, 1
0.145721, 0.962036, 1
-1.74662, 0.940761, 1
0.965422, 1.12073, 1
-0.359882, 1.05117, 1
-1.19374, 0.945698, 1
-2.06286, 1.02228, 1
1.54997, 1.19172, 1
-0.0859812, 0.958217, 1
-0.123228, 1.09792, 1
